Category,Rank,Task,Score(1-5),Layer,Justification
Architectural Dependency,1,Queue Runtime,5,L0,"Blocks async AI, exports, notifications, scheduled backup. Redis-based (Bull). No existing implementation."
Architectural Dependency,2,Staging environment,5,L0,"Without staging, every change is risky. Prerequisite for safe deployment of all subsequent work."
Architectural Dependency,3,Tenant Lifecycle CRUD,4,L0,"Guards exist but no org creation/provisioning. Blocks multi-tenant onboarding."
Architectural Dependency,4,Object Storage S3 (prod),4,L0,"Local filesystem works for single-instance but blocks HA (multi-instance file inconsistency)."
Architectural Dependency,5,Wire LLM providers,4,L0.5,"Real providers stubbed (throw by design). Need cost controls + eval first. Blocks AI features."
Architectural Dependency,6,Redis rate limiter,3,L0,"Needed for multi-instance correctness. In-memory works for single-instance pilot."
Architectural Dependency,7,Feature Flags,3,L0,"Needed for safe AI rollouts. No existing system."
Architectural Dependency,8,Notifications,3,L0,"Needed for review/approval workflow completion. All send() intentionally throw."
Architectural Dependency,9,Secrets/KMS,3,L0,"Needed before enterprise. .env only is acceptable for pilot."
Architectural Dependency,10,Backup automation,3,L0,"Scripts exist production-grade. Need scheduling + drill documentation."
Product Leverage,1,Execute AuditOS pilot,5,L1,"Direct revenue. The entire roadmap exists to enable this."
Product Leverage,2,Backup automation,5,L0,"Enables pilot by ensuring data safety. Critical customer trust requirement."
Product Leverage,3,Tenant Lifecycle,5,L0,"Enables multi-customer onboarding. Without it, every new tenant is a manual operation."
Product Leverage,4,Pricing + ROI model,5,L1,"Direct commercial enabler. No pilot without pricing."
Product Leverage,5,Queue Runtime,5,L0,"Enables async AI, background exports, notification dispatch. Unblocks product workflows."
Product Leverage,6,AI token budgets + dashboard,4,L0.5,"Enables real LLM providers without financial risk."
Product Leverage,7,AI eval framework,4,L0.5,"Gates AI quality before real providers. Prevents reputation damage."
Product Leverage,8,Wire LLM providers,4,L0.5,"Enables AI-assisted features. Core product differentiator."
Product Leverage,9,Audit P2 gap closure,4,L1,"Direct UX quality improvement. Pilot users will notice missing loading states."
Product Leverage,10,Notifications,4,L0,"Enables review/approval workflow completion. Currently workflows exist but no notification triggers."
Risk Reduction,1,Backup automation + restore drill,5,L0,"R1 critical. Data loss is pilot-ending. Scripts exist — automate scheduling."
Risk Reduction,2,External pentest,5,L8,"R2 critical. Hard gate for enterprise contracts. Blocks regulated/gov deals."
Risk Reduction,3,AI cost controls + budgets,4,L0.5,"R6 high. Runaway spend when LLMs enabled without token budgeting."
Risk Reduction,4,Staging environment,4,L0,"R8 high. Risky prod changes without a staging environment."
Risk Reduction,5,Redis rate limiter,4,L0,"R7 high. Abuse potential and multi-instance correctness without Redis."
Risk Reduction,6,OWASP review,4,L0,"Security risk from unknown vulnerabilities. Should come after foundation built."
Risk Reduction,7,Pentest remediation,4,L8,"R2 continuation. Unremediated findings block enterprise deals."
Risk Reduction,8,Secrets/KMS,4,L0,"Security risk from plaintext secrets in .env"
Risk Reduction,9,AI eval framework,3,L0.5,"Quality risk from un-evaluated AI outputs."
Risk Reduction,10,Feature Flags,3,L0,"Rollout risk from uncontrolled feature activation."
Reusability,1,Queue Runtime,5,L0,"Benefits every product (AI, exports, notifications, backup)."
Reusability,2,Staging environment,5,L0,"Benefits every product deployment."
Reusability,3,Backup automation,5,L0,"Benefits every product's data."
Reusability,4,Tenant Lifecycle,5,L0,"Benefits every product's multi-tenancy."
Reusability,5,Object Storage S3,5,L0,"Benefits every product's file uploads."
Reusability,6,Feature Flags,5,L0,"Benefits every product's rollout safety."
Reusability,7,Notifications,5,L0,"Benefits every product's workflow completion."
Reusability,8,Secrets/KMS,5,L0,"Benefits every product's security."
Reusability,9,Alerting + monitoring,4,L0,"Benefits every product's operational visibility."
Reusability,10,IaC,4,L0,"Benefits every product's deployment reproducibility."
